tree_kind,feature_count,depth,rows,status,candidate_ns_per_row,candidate_mad_ns_per_row,baseline_ns_per_row,baseline_mad_ns_per_row,speedup_percent,reason
fixed,1,1,20000000,measured,2.695838350000155,0.010940649999912289,2.6901445500001593,0.007545150000007439,-0.21120702582168027,
fixed,1,2,20000000,measured,3.689717450000161,0.035598950000036655,3.679578100000141,0.023945150000022952,-0.27480017474019736,
fixed,1,3,20000000,measured,3.7619334999999263,0.005841899999943667,3.7698237499998966,0.010173749999898618,0.20973922053566518,
fixed,1,4,20000000,measured,4.40101245000006,0.007250250000052638,4.403798950000008,0.006001049999971642,0.06331497653335738,
fixed,1,5,20000000,measured,5.0536513000000705,0.007273099999974164,5.080026600000013,0.022665550000101398,0.5219058149093625,
fixed,1,6,20000000,measured,5.635199450000049,0.004332249999997373,5.654255400000067,0.00986269999999756,0.3381592820111745,
fixed,1,7,20000000,measured,6.3026752500000764,0.011632600000038629,6.293822600000132,0.004870700000077832,-0.14045860922223818,
fixed,1,8,20000000,measured,6.916034600000058,0.011300699999968522,6.928497250000166,0.003412899999935881,0.18019935874968862,
fixed,1,9,20000000,measured,7.52257775,0.004735049999934127,7.534124400000102,0.012241449999891962,0.15349326233420335,
fixed,1,10,20000000,measured,8.163134500000112,0.01262540000002943,8.187699950000104,0.020347799999916205,0.30093158455237745,
fixed,2,1,20000000,measured,3.3349710999999957,0.016208349999972338,3.3234629000000466,0.011649400000053767,-0.3450764535845363,
fixed,2,2,20000000,measured,4.144186500000124,0.003247450000037233,4.145011450000124,0.003819249999995833,0.019906198719565893,
fixed,2,3,20000000,measured,4.977530049999994,0.004193299999951883,4.9820086999999456,0.0072026499999768845,0.08997735734315171,
fixed,2,4,20000000,measured,5.797772350000027,0.009783349999999302,5.819155249999984,0.03281834999998079,0.36881234220857984,
fixed,2,5,20000000,measured,6.60151745000015,0.005169849999879794,6.609417400000131,0.010326600000200692,0.11966869829269644,
fixed,2,6,20000000,measured,7.4211526999999595,0.006125000000011482,7.4131922999999595,0.011667799999959705,-0.10726635499630488,
fixed,2,7,20000000,measured,8.255812600000105,0.018461000000042915,8.248033800000062,0.00848469999998791,-0.09422209995467723,
fixed,2,8,20000000,measured,9.078952999999935,0.00272244999989546,9.064549099999908,0.006908000000040104,-0.15865155376425522,
fixed,2,9,20000000,measured,9.908311249999977,0.009098600000033485,9.90140064999999,0.007265550000036924,-0.06974548765802391,
fixed,2,10,20000000,measured,10.770203300000093,0.006253150000091523,10.748070350000168,0.017012200000012356,-0.20550169187544265,
fixed,3,1,20000000,measured,3.8510344000000685,0.014974700000100594,3.8402907500000527,0.010042049999976488,-0.27898088887534644,
fixed,3,2,20000000,measured,4.811046700000044,0.01697730000006903,4.795295149999942,0.009853749999987116,-0.3274038059140394,
fixed,3,3,20000000,measured,5.799431400000069,0.009410099999982435,5.798204699999965,0.007367399999981039,-0.021152073634389534,
fixed,3,4,20000000,measured,6.794479449999962,0.011298849999960225,6.781043599999957,0.004080250000026986,-0.1977465690915392,
fixed,3,5,20000000,measured,7.786908999999907,0.002859700000056975,7.786792749999945,0.01439624999997502,-0.0014928901822530705,
fixed,3,6,20000000,measured,8.781562949999932,0.008316850000017695,8.772030049999863,0.007748199999934258,-0.10855584654289041,
fixed,3,7,20000000,measured,9.772955949999941,0.0072260999998974285,9.776980150000014,0.0117497500000745,0.041176896945627206,
fixed,3,8,20000000,measured,10.809600200000041,0.021567999999907883,10.782317849999995,0.007400449999890313,-0.25239000051127114,
fixed,3,9,20000000,measured,11.811479550000096,0.009386250000062546,11.807707500000053,0.016172399999971887,-0.03193545723103597,
fixed,3,10,20000000,measured,12.829230250000105,0.01715479999995928,12.816186550000118,0.012179950000014372,-0.10167172734301122,
fixed,4,1,20000000,measured,4.315347100000131,0.011008949999920858,4.316147200000053,0.017567349999999315,0.01854080289211968,
fixed,4,2,20000000,measured,5.541049700000138,0.009771699999996386,5.521659800000076,0.008709099999976821,-0.3499318910650029,
fixed,4,3,20000000,measured,6.730817550000016,0.009867300000006018,6.719638100000013,0.005610999999968946,-0.16609349335287016,
fixed,4,4,20000000,measured,7.938722250000058,0.017760850000028583,7.913745450000111,0.0069301500000262806,-0.3146198999460781,
fixed,4,5,20000000,measured,9.128323500000096,0.007659550000026272,9.10625745000014,0.007717099999908328,-0.24173168271213186,
fixed,4,6,20000000,measured,10.326664400000068,0.0024137500000218637,10.345968150000099,0.03308955000000502,0.1869311256017081,
fixed,4,7,20000000,measured,11.509789700000093,0.00456314999999563,11.49034675000002,0.006679500000023708,-0.16892532797599946,
fixed,4,8,20000000,measured,12.708001950000032,0.013523450000105797,12.707895599999963,0.019350049999955488,-0.0008368742819397923,
fixed,4,9,20000000,measured,13.938418450000075,0.018754099999974017,13.93737095000007,0.019381050000021105,-0.0075151998324862745,
fixed,4,10,20000000,measured,15.207415049999987,0.024569550000014928,15.178068050000027,0.01241369999999975,-0.19297822742044834,
fixed,5,1,20000000,measured,4.9898341000000075,0.007237799999941785,4.968719249999995,0.016896799999982726,-0.42315735507143515,
fixed,5,2,20000000,measured,6.541970050000059,0.010674049999957802,6.5172436000000875,0.0035074499999758757,-0.37796642006900916,
fixed,5,3,20000000,measured,8.055565700000047,0.007458100000031109,8.02108935000007,0.010831300000013755,-0.42798173689995167,
fixed,5,4,20000000,measured,9.562953600000114,0.018603949999956626,9.54032860000007,0.018436400000005904,-0.2365900844697566,
fixed,5,5,20000000,measured,11.076625400000037,0.006664600000025445,11.047861800000089,0.023305249999971522,-0.2596783673838754,
fixed,5,6,20000000,measured,12.58263930000004,0.01628640000008197,12.559890200000089,0.016481050000011876,-0.18079752154979145,
fixed,5,7,20000000,measured,14.111081050000113,0.0266036500000979,14.089805600000133,0.012592849999986555,-0.15077122670186238,
fixed,5,8,20000000,measured,15.694800799999898,0.09414734999985619,15.65926814999999,0.03950879999998946,-0.22639758511562302,
fixed,5,9,20000000,measured,17.192445150000168,0.010297949999959144,17.15278095000014,0.019683150000112448,-0.23070714871542553,
fixed,5,10,20000000,measured,18.80268189999995,0.008808900000023101,18.812141800000038,0.03957290000003155,0.05031143988074582,
fixed,6,1,10000000,measured,5.70992349999997,0.016399299999982908,5.701056099999949,0.010466299999984052,-0.15529805259248963,
fixed,6,2,10000000,measured,7.681506599999951,0.02513890000002217,7.669208999999944,0.008504299999997578,-0.16009359413954316,
fixed,6,3,10000000,measured,9.52897159999993,0.005929699999967397,9.53771609999994,0.016378699999958002,0.0917675103576876,
fixed,6,4,10000000,measured,11.360966400000022,0.0258379000000577,11.363142999999999,0.020133100000027326,0.01915858143879401,
fixed,6,5,10000000,measured,13.240516399999937,0.07470120000001756,13.18955999999997,0.02338510000005023,-0.3848520590931548,
fixed,6,6,10000000,measured,15.059498899999985,0.020591000000026227,15.07618339999997,0.03315830000002684,0.11079053898654934,
fixed,6,7,10000000,measured,16.892280999999986,0.03297780000000117,16.866969899999912,0.008740199999955678,-0.14983826044614457,
fixed,6,8,10000000,measured,18.758429699999926,0.021362599999982024,18.742053799999894,0.020107999999943615,-0.08729888515152107,
fixed,6,9,10000000,measured,20.636629799999866,0.007706699999939559,20.650195599999943,0.03036299999994796,0.06573650897239158,
fixed,6,10,10000000,measured,22.663447199999926,0.012895099999909121,22.729682599999883,0.040633600000091974,0.29225651073927494,
fixed,7,1,10000000,measured,6.417573899999953,0.01562840000000776,6.406419999999977,0.023797899999967953,-0.17380243957886288,
fixed,7,2,10000000,measured,8.699641099999983,0.016399200000021708,8.727663299999941,0.008394300000011512,0.3221075407347396,
fixed,7,3,10000000,measured,10.907093599999977,0.021909799999983548,10.875531099999991,0.02461880000004868,-0.2893758975350269,
fixed,7,4,10000000,measured,13.123192599999923,0.036808700000019456,13.06820479999992,0.02098789999997841,-0.4190123674631008,
fixed,7,5,10000000,measured,15.25618490000001,0.03104980000002122,15.294540799999995,0.034877400000036474,0.2514121338420994,
fixed,7,6,10000000,measured,17.492018299999984,0.039174100000067824,17.469187399999928,0.027788300000008093,-0.1305218163421218,
fixed,7,7,10000000,measured,19.662542999999992,0.028925299999954746,19.637133799999976,0.03864879999998294,-0.12922641796646595,
fixed,7,8,10000000,measured,21.888270699999893,0.031277200000086935,21.884728299999875,0.05051670000007036,-0.01618401037053463,
fixed,7,9,10000000,measured,24.21184809999996,0.023006599999941812,24.164152399999967,0.043393600000062094,-0.19699322333015523,
fixed,7,10,10000000,measured,26.68651069999991,0.02161460000003146,26.696477299999874,0.0674383999999435,0.03734695821422385,
fixed,8,1,10000000,measured,7.446332099999919,0.012562399999977103,7.4652385999999495,0.02862110000001472,0.2539035292292491,
fixed,8,2,10000000,measured,11.257408699999948,0.01699649999998165,11.255628499999958,0.016229599999981303,-0.015813585945312347,
fixed,8,3,10000000,measured,15.076605399999952,0.03716840000006272,15.098036599999988,0.014206700000038097,0.14214870941728908,
fixed,8,4,10000000,measured,18.938225299999953,0.05768250000004116,18.930872399999885,0.046170299999943154,-0.03882570770804561,
fixed,8,5,10000000,measured,22.7854674,0.04319079999998365,22.7575632,0.05107189999997175,-0.12246490058835935,
fixed,8,6,10000000,measured,26.60299860000002,0.04637190000011415,26.641271899999964,0.09374360000001047,0.14386836828215177,
fixed,8,7,10000000,measured,30.456194399999934,0.03765560000000079,30.45679489999991,0.05886859999989724,0.0019716842888817254,
fixed,8,8,10000000,measured,34.44377829999997,0.06330040000000281,34.46053989999998,0.12555920000001208,0.04866365081674928,
fixed,8,9,10000000,measured,38.52399350000003,0.07654800000006645,38.51956640000004,0.15112940000005892,-0.011491799260099356,
fixed,8,10,10000000,measured,46.861187199999925,0.14429639999988098,51.43111259999971,2.53920859999959,9.7520478525132,
fixed,9,1,10000000,measured,7.9978600999999285,0.04493940000002716,8.027139099999934,0.038516800000011564,0.36608542327472016,
fixed,9,2,10000000,measured,12.179404199999926,0.005274600000012342,12.183477599999932,0.016173499999965202,0.03344498575723609,
fixed,9,3,10000000,measured,16.407665499999943,0.020388300000043103,16.40700859999994,0.011973799999989154,-0.004003616480374728,
fixed,9,4,10000000,measured,20.650289499999957,0.04361840000002104,20.66734259999992,0.05148409999991799,0.08258044033699896,
fixed,9,5,10000000,measured,24.854305199999978,0.009561999999966986,24.862397899999905,0.01981500000001546,0.03256055614835329,
fixed,9,6,10000000,measured,29.13261539999998,0.029511100000036095,29.1268804999999,0.03946739999996396,-0.01968549655202434,
fixed,9,7,10000000,measured,33.440482500000016,0.024441899999956718,33.4717518,0.08941060000005763,0.09350732304769238,
fixed,9,8,10000000,measured,37.70977049999997,0.08572580000003427,37.76537499999998,0.0842792999999773,0.14745382764926873,
fixed,9,9,10000000,measured,42.43949179999981,0.04868710000005194,42.37848239999992,0.04127209999999337,-0.14375619832442954,
fixed,9,10,10000000,measured,61.03039449999991,1.806797199999913,59.95125330000005,4.064635500000179,-1.7682028911018444,
fixed,10,1,10000000,measured,8.48744769999994,0.019268499999997246,8.541397599999936,0.04830480000001103,0.635643386644924,
fixed,10,2,10000000,measured,13.119292099999885,0.026746300000024092,13.108682999999932,0.025830500000004974,-0.08086640589360927,
fixed,10,3,10000000,measured,17.75914919999993,0.027323399999950482,17.741802899999975,0.011759500000021461,-0.09767528728208408,
fixed,10,4,10000000,measured,22.410784399999923,0.08523710000002893,22.392901399999953,0.03969580000003248,-0.0797964037348442,
fixed,10,5,10000000,measured,27.03511589999988,0.03480430000007928,27.05164569999994,0.014285899999968876,0.06114196092668056,
fixed,10,6,10000000,measured,31.720257599999965,0.01216819999991614,31.698874899999936,0.026480500000065632,-0.06741023439869043,
fixed,10,7,10000000,measured,36.473114099999876,0.061594300000024305,36.409958199999984,0.0599461999999491,-0.17315741076217028,
fixed,10,8,10000000,measured,41.28986399999999,0.029991100000138715,41.216012999999975,0.021129299999913087,-0.17885987708753381,
fixed,10,9,10000000,measured,46.372002399999836,0.027980099999851404,46.448524299999896,0.10623629999999196,0.16501745889683228,
fixed,10,10,10000000,measured,67.79282989999986,2.213501899999727,72.03930960000004,1.7698921999999015,6.2639068265244235,
fixed,20,1,4000000,measured,15.044319249999987,0.024784750000000244,15.405215249999985,0.05390675000001721,2.3988855461173353,
fixed,20,2,4000000,measured,23.796205500000035,0.13123775000005722,23.80673624999997,0.06174624999998812,0.0442539042619039,
fixed,20,3,4000000,measured,32.65319000000004,0.05912649999998365,31.932081500000056,0.08310599999998303,-2.2083860719273707,
fixed,20,4,4000000,measured,40.92551224999991,0.20486749999988518,40.965498750000094,0.12430824999987067,0.09770555773600531,
fixed,20,5,4000000,measured,49.53696625000004,0.05054224999996393,49.55358449999987,0.12332274999989323,0.03354716943295699,
fixed,20,6,4000000,measured,58.69767849999991,0.06176975000006024,58.58710124999998,0.037824999999998,-0.18838436685350013,
fixed,20,7,4000000,measured,67.95861400000003,0.05066049999992117,67.64883625000009,0.07487650000007307,-0.45583294267881325,
fixed,20,8,4000000,measured,76.94602025000007,0.06760200000015004,77.19302550000008,0.359674749999769,0.3210110791922238,
fixed,20,9,4000000,measured,95.94982700000004,1.1413292499999983,94.98624949999996,0.39798025000008863,-1.0042514198593477,
fixed,20,10,4000000,measured,139.7572412499999,0.1844945000001701,140.0448940000001,2.0937214999999867,0.20582314549673075,
fixed,100,1,700000,measured,126.77465857142862,2.359334285714354,120.46460999999998,6.136444285714219,-4.977373745300495,
fixed,100,2,700000,measured,158.00121428571433,2.786091428571467,140.80624142857135,2.9329585714284008,-10.882810575144841,
fixed,100,3,700000,measured,187.12296714285714,0.8061985714286379,180.5229885714285,1.471285714285841,-3.527080973651908,
fixed,100,4,700000,measured,208.56489714285715,1.0601485714285275,214.7908157142858,1.0973114285712882,2.985122931383888,
fixed,100,5,700000,measured,242.46959571428567,0.45962428571417036,244.12951999999996,1.1321028571427405,0.6845906930410539,
fixed,100,6,700000,measured,307.16427,0.7490714285714262,306.4504914285713,0.6885314285713662,-0.2323768228084222,
fixed,100,7,700000,measured,454.7197485714285,0.3407600000000457,456.219331428571,1.15782000000047,0.32978177478626414,
fixed,100,8,700000,measured,556.5761742857144,2.1789500000001,557.4646285714283,2.416312857142543,0.1596285156931332,
fixed,100,9,700000,measured,718.188844285715,2.269584285715041,721.0394457142864,6.003605714284731,0.39691530316188217,
fixed,100,10,700000,measured,920.954881428571,4.751534285714001,922.0360028571439,5.310854285713958,0.11739135655548516,
variable,1,1,20000000,not_applicable,,,,,,A tree with unequal leaf depths requires a maximum depth of at least 2.
variable,1,2,20000000,measured,7.391441999999981,0.019073049999986047,7.409887299999991,0.02176309999994075,0.24954941133286113,
variable,1,3,20000000,measured,8.148626049999956,0.01576570000002775,8.170940200000022,0.010917600000077243,0.2738394161561297,
variable,1,4,20000000,measured,9.026464000000074,0.007421900000094794,9.043107100000023,0.009228499999982986,0.18438117074359717,
variable,1,5,20000000,measured,6.377156900000022,0.0041357500001391045,6.380106349999911,0.009504649999879433,0.04625023417392793,
variable,1,6,20000000,measured,10.739433850000003,0.009145300000005463,10.759009950000001,0.0029132499999349193,0.1822824207814211,
variable,1,7,20000000,measured,8.1164816499999,0.005111299999972729,8.129800899999953,0.012992450000012923,0.1641012765679628,
variable,1,8,20000000,measured,9.00756199999995,0.01408290000003376,9.012619949999877,0.011377850000197753,0.056152264063524804,
variable,1,9,20000000,measured,9.872420300000005,0.014859649999907631,9.88613080000003,0.008589500000075745,0.1388767858680584,
variable,1,10,20000000,measured,14.25025159999994,0.019833600000024987,14.278080600000033,0.012039199999982486,0.19528778004238578,
variable,2,1,20000000,not_applicable,,,,,,A tree with unequal leaf depths requires a maximum depth of at least 2.
variable,2,2,20000000,measured,7.9494614000000015,0.008670399999942902,7.959687349999987,0.027093299999945586,0.12863701684224793,
variable,2,3,20000000,measured,9.045525900000024,0.015607449999983203,9.042442300000076,0.011163250000061353,-0.0340897813354224,
variable,2,4,20000000,measured,8.882753550000047,0.005280199999999624,8.88278950000005,0.016164049999924046,0.00040471684596976587,
variable,2,5,20000000,measured,9.567163200000039,0.005019699999920135,9.571508200000034,0.006527149999975279,0.045415761278078115,
variable,2,6,20000000,measured,12.096248150000035,0.0030761999999793233,12.102839350000048,0.0026617999999913877,0.05448962288372439,
variable,2,7,20000000,measured,12.975150600000019,0.015227800000072733,12.964438200000084,0.003104300000101645,-0.08256089143147127,
variable,2,8,20000000,measured,13.402012350000112,0.007511900000082505,13.407890300000071,0.013491699999983453,0.04385871200871527,
variable,2,9,20000000,measured,13.491154250000069,0.020875600000048067,13.50219204999995,0.0202480500001041,0.08181509006082166,
variable,2,10,20000000,measured,15.488314450000042,0.011036449999979325,15.475858499999989,0.019849199999995903,-0.08042159810394134,
variable,3,1,20000000,not_applicable,,,,,,A tree with unequal leaf depths requires a maximum depth of at least 2.
variable,3,2,20000000,measured,8.89356759999999,0.010796100000012743,8.888739650000026,0.021259999999935886,-0.05428586386372336,
variable,3,3,20000000,measured,10.267122050000067,0.015398650000069125,10.243171599999988,0.009264549999969063,-0.2332732569403806,
variable,3,4,20000000,measured,11.751109350000032,0.013534800000059022,11.752384049999973,0.007354899999953091,0.010847486496601277,
variable,3,5,20000000,measured,12.909539850000089,0.009039049999966409,12.905615150000074,0.015546050000027734,-0.030401548355840635,
variable,3,6,20000000,measured,13.950305900000098,0.004724299999914194,13.936108250000075,0.005822899999904152,-0.10177303710611207,
variable,3,7,20000000,measured,15.04420989999997,0.013823150000030537,15.06122225000003,0.02367115000006237,0.11308237596485693,
variable,3,8,20000000,measured,15.811390849999974,0.0057956499998876865,15.813432099999964,0.027856300000044243,0.01290999646619273,
variable,3,9,20000000,measured,17.247751200000135,0.020962199999921438,17.23746595000005,0.014216100000052023,-0.05963241167395994,
variable,3,10,20000000,measured,18.143226600000055,0.02860195000008403,18.145863100000067,0.02916764999996957,0.014531593845679147,
variable,4,1,20000000,not_applicable,,,,,,A tree with unequal leaf depths requires a maximum depth of at least 2.
variable,4,2,20000000,measured,10.521646500000028,0.011201049999961299,10.508380400000096,0.01999019999998275,-0.1260838786014351,
variable,4,3,20000000,measured,11.960495950000055,0.03207510000006231,11.957154400000132,0.04965060000005295,-0.027938222745049757,
variable,4,4,20000000,measured,13.019022850000102,0.008444099999991295,13.000252600000056,0.005835500000092253,-0.14417556690935474,
variable,4,5,20000000,measured,13.928843550000035,0.027929049999963595,13.896058400000117,0.025609799999955385,-0.23537596557984264,
variable,4,6,20000000,measured,16.559138899999944,0.030023250000059676,16.554675650000007,0.039301349999913526,-0.026953394297191124,
variable,4,7,20000000,measured,18.07295325000011,0.03453315000009738,18.043056550000045,0.014112600000046882,-0.16542232797545076,
variable,4,8,20000000,measured,19.372842450000064,0.029097399999994167,19.356411349999888,0.014979199999920922,-0.08481512221339971,
variable,4,9,20000000,measured,20.992447349999996,0.03289930000000396,20.948285949999995,0.021597849999988483,-0.21036803981789864,
variable,4,10,20000000,measured,22.29569465000006,0.05573475000002048,22.269150200000126,0.022184300000141377,-0.11905639369675924,
variable,5,1,20000000,not_applicable,,,,,,A tree with unequal leaf depths requires a maximum depth of at least 2.
variable,5,2,20000000,measured,10.988711900000084,0.010542850000051729,11.00514620000005,0.02863500000002439,0.14955620048575646,
variable,5,3,20000000,measured,14.109225600000059,0.11786979999997271,13.990960650000105,0.022506650000009287,-0.8382100715715657,
variable,5,4,20000000,measured,16.658912399999988,0.0076967000000287555,16.675145400000023,0.016854449999915033,0.09744333609698064,
variable,5,5,20000000,measured,19.768438400000072,0.01457325000005838,19.81417630000011,0.021735900000035002,0.23136830069510061,
variable,5,6,20000000,measured,22.633498450000058,0.022975199999965668,22.71025405000007,0.03177990000004627,0.33912388829140383,
variable,5,7,20000000,measured,24.921921450000006,0.013164899999903668,24.95234405000004,0.04438320000001639,0.12207164708817331,
variable,5,8,20000000,measured,27.20812195000022,0.03129894999988281,27.217368400000066,0.03511614999989732,0.033984153764232694,
variable,5,9,20000000,measured,30.097513200000147,0.018734499999894183,30.093370099999976,0.029674450000012342,-0.013765589112424426,
variable,5,10,20000000,measured,32.5779295000002,0.024751100000138138,32.57538305000001,0.04047674999991102,-0.007816488154011036,
variable,6,1,10000000,not_applicable,,,,,,A tree with unequal leaf depths requires a maximum depth of at least 2.
variable,6,2,10000000,measured,12.131556599999954,0.018152700000012345,12.128457899999955,0.023114700000018473,-0.025542476552420368,
variable,6,3,10000000,measured,15.610589200000033,0.043709700000066576,15.607793499999985,0.030680999999963987,-0.017908997310922548,
variable,6,4,10000000,measured,18.31677509999995,0.03274160000001203,18.356154099999962,0.046553499999966164,0.21498871818330656,
variable,6,5,10000000,measured,22.471498000000103,0.03607000000009819,22.477779899999963,0.04730389999992113,0.02795496766552219,
variable,6,6,10000000,measured,25.17808549999992,0.009029599999983873,25.20978189999993,0.06147410000006204,0.1258888409128911,
variable,6,7,10000000,measured,28.985014999999958,0.02658940000013743,29.00647649999991,0.04557290000008507,0.07404343244241662,
variable,6,8,10000000,measured,31.74439509999987,0.014395899999787076,31.761806099999976,0.015976699999963984,0.0548474776263852,
variable,6,9,10000000,measured,34.86205150000001,0.04983020000008054,34.889139499999885,0.06411969999987832,0.07770053348661321,
variable,6,10,10000000,measured,37.64666210000006,0.0443072999999643,37.69836410000008,0.06691589999990555,0.1373348847307776,
variable,7,1,10000000,not_applicable,,,,,,A tree with unequal leaf depths requires a maximum depth of at least 2.
variable,7,2,10000000,measured,13.07607779999992,0.0244030999999989,13.08439959999996,0.008777300000009092,0.0636414078236891,
variable,7,3,10000000,measured,16.376788299999962,0.018349299999993463,16.366060899999958,0.013851599999970432,-0.06550368609212764,
variable,7,4,10000000,measured,20.4218297,0.016556900000036734,20.39299639999989,0.017443799999849574,-0.14118862229132167,
variable,7,5,10000000,measured,24.10576109999996,0.025892100000028506,24.141727400000008,0.017416299999968743,0.14920209260702588,
variable,7,6,10000000,measured,28.3460396,0.05578900000008602,28.31615259999997,0.03559529999995803,-0.10543624584519184,
variable,7,7,10000000,measured,32.591675599999924,0.01766930000011513,32.63491149999983,0.06710349999981702,0.1326593346428151,
variable,7,8,10000000,measured,35.93292279999988,0.056463799999953324,35.905919099999984,0.037847599999999204,-0.07515030199518602,
variable,7,9,10000000,measured,40.05789959999993,0.030973200000097734,40.04321759999981,0.09986000000015594,-0.03665194667401561,
variable,7,10,10000000,measured,43.78921870000003,0.0436774999999372,43.74502790000005,0.023346999999866114,-0.100917078020335,
variable,8,1,10000000,not_applicable,,,,,,A tree with unequal leaf depths requires a maximum depth of at least 2.
variable,8,2,10000000,measured,15.820205899999973,0.014616100000013788,15.83863449999994,0.015247600000021677,0.11648773800072565,
variable,8,3,10000000,measured,19.70646109999995,0.016947299999998222,19.73978029999994,0.04283790000006249,0.169077541781415,
variable,8,4,10000000,measured,23.505842600000022,0.03893500000000927,23.554222299999946,0.039218900000005164,0.20581989262500322,
variable,8,5,10000000,measured,27.601911399999963,0.022362100000048457,27.625014899999886,0.028472900000139134,0.08370253662912663,
variable,8,6,10000000,measured,31.262167899999834,0.046892299999999665,31.25939989999997,0.05493859999998918,-0.008854152433446227,
variable,8,7,10000000,measured,35.14595899999995,0.03347450000005381,35.215364699999995,0.10277589999999037,0.19747846402498048,
variable,8,8,10000000,measured,39.329661099999996,0.03791789999993256,39.333782700000015,0.030204199999879222,0.010479622464942828,
variable,8,9,10000000,measured,43.271560100000016,0.024560899999933383,43.387338700000086,0.10337059999990572,0.26756280506758934,
variable,8,10,10000000,measured,48.61929190000004,0.6334256000000309,47.98990049999988,0.07005830000003499,-1.2945301657101393,
variable,9,1,10000000,not_applicable,,,,,,A tree with unequal leaf depths requires a maximum depth of at least 2.
variable,9,2,10000000,measured,16.589359299999945,0.016871099999988814,16.57350139999991,0.017060199999907155,-0.09559079234624512,
variable,9,3,10000000,measured,20.698112599999995,0.013647199999955006,20.725279799999964,0.07547170000001557,0.13125447969575266,
variable,9,4,10000000,measured,25.322773399999978,0.039669899999960734,25.33592969999991,0.016610699999993983,0.051954419810629204,
variable,9,5,10000000,measured,29.078447999999977,0.018153600000029968,29.118361000000082,0.024476899999900326,0.13725973270686254,
variable,9,6,10000000,measured,33.98824339999998,0.050679400000056773,33.998033700000086,0.053489800000214416,0.028804960247241773,
variable,9,7,10000000,measured,38.33762299999983,0.04175170000007711,38.353031100000024,0.038735300000098505,0.040190545981921844,
variable,9,8,10000000,measured,42.69441639999967,0.06714120000042101,42.71706419999996,0.0479339000000607,0.05304628077851259,
variable,9,9,10000000,measured,47.31480849999984,0.14040529999977736,47.19587289999994,0.03333500000014311,-0.25137077327471724,
variable,9,10,10000000,measured,52.145551499999854,0.05808779999995295,52.170860499999925,0.1226533999999404,0.048535300274021864,
variable,10,1,10000000,not_applicable,,,,,,A tree with unequal leaf depths requires a maximum depth of at least 2.
variable,10,2,10000000,measured,17.543716799999988,0.03645570000013265,17.516017599999945,0.026834599999965292,-0.15788672557711658,
variable,10,3,10000000,measured,21.983510599999903,0.011529499999994641,21.978225699999882,0.026255800000047458,-0.024040291362836808,
variable,10,4,10000000,measured,27.117498199999957,0.015387499999981458,27.142921199999893,0.020870400000095657,0.09375127385438109,
variable,10,5,10000000,measured,31.787691899999928,0.04839509999998626,31.77728999999995,0.015649200000044772,-0.032723042719484674,
variable,10,6,10000000,measured,36.245333500000044,0.058000800000186814,36.31732109999989,0.04373110000005909,0.19861205029287898,
variable,10,7,10000000,measured,41.24354879999992,0.01276730000004278,41.28956069999997,0.10042139999997346,0.11156144739912222,
variable,10,8,10000000,measured,46.04392159999983,0.08216739999989642,46.0830028999999,0.05807670000002929,0.08487830454491085,
variable,10,9,10000000,measured,50.78218279999981,0.07272159999993022,50.76074619999981,0.06282600000009353,-0.04221283690074573,
variable,10,10,10000000,measured,57.11337419999992,0.12974679999979344,56.97857529999985,0.04346980000009637,-0.2360198497956545,
variable,20,1,4000000,not_applicable,,,,,,A tree with unequal leaf depths requires a maximum depth of at least 2.
variable,20,2,4000000,measured,29.031918249999944,0.09049625000002592,28.641118499999948,0.06521924999995576,-1.3461037835486356,
variable,20,3,4000000,measured,36.74937299999998,0.09959099999996113,37.22528400000011,0.03669800000002965,1.295018012960747,
variable,20,4,4000000,measured,45.96736374999993,0.09264649999985153,45.893252999999945,0.19842625000005398,-0.16122471239170544,
variable,20,5,4000000,measured,54.61766625000022,0.06680600000017023,54.60535375,0.059576499999941746,-0.022543072316316692,
variable,20,6,4000000,measured,63.66513174999999,0.15534125000003485,63.6263795,0.1984332500000221,-0.06086887584269007,
variable,20,7,4000000,measured,73.05812199999994,0.16535350000013693,72.93829324999984,0.07211550000009481,-0.16401838251480783,
variable,20,8,4000000,measured,81.06044650000003,0.12421124999991662,81.04310075000002,0.046763250000012135,-0.021398537448225063,
variable,20,9,4000000,measured,92.37730624999989,0.11596199999999612,92.51150449999993,0.22244574999989197,0.14527188055999396,
variable,20,10,4000000,measured,106.13184699999998,0.18588499999998476,106.39960074999986,0.21480500000001257,0.2522840764279666,
variable,100,1,700000,not_applicable,,,,,,A tree with unequal leaf depths requires a maximum depth of at least 2.
variable,100,2,700000,measured,174.1882514285715,4.792164285714222,168.92325285714296,7.202019999999806,-3.0225910922514476,
variable,100,3,700000,measured,205.36163285714287,4.14123142857153,181.7698357142857,4.889441428571445,-11.487928302200679,
variable,100,4,700000,measured,220.40785142857146,0.48614714285704963,211.15031857142858,1.5105528571428124,-4.20018288692543,
variable,100,5,700000,measured,246.08854571428563,0.6387800000001675,245.48369714285724,1.3373371428571943,-0.24578493471639762,
variable,100,6,700000,measured,291.1191714285714,0.5316214285712135,290.3594442857142,0.07318000000009306,-0.2609677470326366,
variable,100,7,700000,measured,391.91096999999985,0.8970957142856264,392.8395385714284,1.951154285714324,0.23693354932845523,
variable,100,8,700000,measured,496.6375028571429,0.9659885714283973,496.45049857142834,0.30199142857168226,-0.03765408061991993,
variable,100,9,700000,measured,572.9510328571431,4.740154285714766,576.8603200000001,7.1571442857140255,0.682307373347868,
variable,100,10,700000,measured,788.4447828571427,2.714695714286222,787.6306371428573,4.033074285714065,-0.10325969959940062,
